product,forecast_boxes,file,day,actual_boxes,week_num,year,abs_error,pct_error
All Grain Nova,15,Week 34 Loading Slip 2025.xlsx,Mon,19.0,34.0,2025.0,4.0,21.052631578947366
Lrg 30 pack Nova,437,Week 34 Loading Slip 2025.xlsx,Mon,568.0,34.0,2025.0,131.0,23.06338028169014
Nova 6 Pack,3,Week 34 Loading Slip 2025.xlsx,Mon,4.0,34.0,2025.0,1.0,25.0
Nova Jumbo,27,Week 34 Loading Slip 2025.xlsx,Mon,60.0,34.0,2025.0,33.0,55.00000000000001
Wal GV Lg,394,Week 34 Loading Slip 2025.xlsx,Mon,360.0,34.0,2025.0,34.0,9.444444444444445
Wal GV Xlrg,187,Week 34 Loading Slip 2025.xlsx,Mon,285.0,34.0,2025.0,98.0,34.385964912280706
Wal Nova 18's Lg,303,Week 34 Loading Slip 2025.xlsx,Mon,250.0,34.0,2025.0,53.0,21.2
Wal Nova Brn,34,Week 34 Loading Slip 2025.xlsx,Mon,48.0,34.0,2025.0,14.0,29.166666666666668
Wal Nova Xlg Brn,5,Week 34 Loading Slip 2025.xlsx,Mon,7.0,34.0,2025.0,2.0,28.57142857142857
XLrg 30 pack Nova,16,0,0,0.0,0.0,0.0,16.0,100.0
